21010,Aloxe-Corton,Aloxe-Corton,220,47.0655,4.859929
21606,Ladoix-Serrigny,Aloxe-Corton,220,47.0664,4.886929
21480,Pernand-Vergelesses,Aloxe-Corton,220,47.0799,4.851829
21010,Aloxe-Corton,Aloxe-Corton premier cru,235,47.0655,4.859929
21606,Ladoix-Serrigny,Aloxe-Corton premier cru,235,47.0664,4.886929
21010,Aloxe-Corton,Aloxe-Corton premier cru Clos des Maréchaudes,221,47.0655,4.859929
21606,Ladoix-Serrigny,Aloxe-Corton premier cru Clos des Maréchaudes,221,47.0664,4.886929
21010,Aloxe-Corton,Aloxe-Corton premier cru Clos du Chapitre,222,47.0655,4.859929
21606,Ladoix-Serrigny,Aloxe-Corton premier cru La Coutière,223,47.0664,4.886929
21606,Ladoix-Serrigny,Aloxe-Corton premier cru La Maréchaude,224,47.0664,4.886929
21606,Ladoix-Serrigny,Aloxe-Corton premier cru La Toppe au Vert,225,47.0664,4.886929
21010,Aloxe-Corton,Aloxe-Corton premier cru Les Chaillots,226,47.0655,4.859929
21010,Aloxe-Corton,Aloxe-Corton premier cru Les Fournières,227,47.0655,4.859929
21010,Aloxe-Corton,Aloxe-Corton premier cru Les Guérets,228,47.0655,4.859929
21010,Aloxe-Corton,Aloxe-Corton premier cru Les Maréchaudes,229,47.0655,4.859929
21010,Aloxe-Corton,Aloxe-Corton premier cru Les Moutottes,230,47.0655,4.859929
21606,Ladoix-Serrigny,Aloxe-Corton premier cru Les Paulands,231,47.0664,4.886929
21010,Aloxe-Corton,Aloxe-Corton premier cru Les Petites Folières,232,47.0655,4.859929
21606,Ladoix-Serrigny,Aloxe-Corton premier cru Les Valozières,233,47.0664,4.886929
21010,Aloxe-Corton,Aloxe-Corton premier cru Les Vercots,234,47.0655,4.859929
21037,Auxey-Duresses,Auxey-Duresses,238,46.9872,4.749229
21037,Auxey-Duresses,Auxey-Duresses premier cru,248,46.9872,4.749229
21037,Auxey-Duresses,Auxey-Duresses premier cru Bas des Duresses,239,46.9872,4.749229
21037,Auxey-Duresses,Auxey-Duresses premier cru Climat du Val,240,46.9872,4.749229
21037,Auxey-Duresses,Auxey-Duresses premier cru Clos du Val,241,46.9872,4.749229
21037,Auxey-Duresses,Auxey-Duresses premier cru La Chapelle,242,46.9872,4.749229
21037,Auxey-Duresses,Auxey-Duresses premier cru Les Bréterins,243,46.9872,4.749229
21037,Auxey-Duresses,Auxey-Duresses premier cru Les Duresses,244,46.9872,4.749229
21037,Auxey-Duresses,Auxey-Duresses premier cru Les Ecussaux,245,46.9872,4.749229
21037,Auxey-Duresses,Auxey-Duresses premier cru Les Grands Champs,246,46.9872,4.749229
21037,Auxey-Duresses,Auxey-Duresses premier cru Reugne,247,46.9872,4.749229
21150,Chassagne-Montrachet,Bâtard-Montrachet,249,46.9368,4.729429
21512,Puligny-Montrachet,Bâtard-Montrachet,249,46.9458,4.754629
21054,Beaune,Beaune,282,47.0241,4.839229
21054,Beaune,Beaune premier cru,325,47.0241,4.839229
21054,Beaune,Beaune premier cru A l'Ecu,283,47.0241,4.839229
21054,Beaune,Beaune premier cru Aux Coucherias,284,47.0241,4.839229
21054,Beaune,Beaune premier cru Aux Cras,285,47.0241,4.839229
21054,Beaune,Beaune premier cru Belissand,286,47.0241,4.839229
21054,Beaune,Beaune premier cru Blanches Fleurs,287,47.0241,4.839229
21054,Beaune,Beaune premier cru Champs Pimont,288,47.0241,4.839229
21054,Beaune,Beaune premier cru Clos de l'Ecu,290,47.0241,4.839229
21054,Beaune,Beaune premier cru Clos de la Feguine,291,47.0241,4.839229
21054,Beaune,Beaune premier cru Clos de la Mousse,292,47.0241,4.839229
21054,Beaune,Beaune premier cru Clos des Avaux,293,47.0241,4.839229
21054,Beaune,Beaune premier cru Clos des Ursules,294,47.0241,4.839229
21054,Beaune,Beaune premier cru Clos du Roi,295,47.0241,4.839229
21054,Beaune,Beaune premier cru Clos Saint-Landry,289,47.0241,4.839229
21054,Beaune,Beaune premier cru En Genêt,296,47.0241,4.839229
21054,Beaune,Beaune premier cru En l'Orme,297,47.0241,4.839229
21054,Beaune,Beaune premier cru La Mignotte,298,47.0241,4.839229
21054,Beaune,Beaune premier cru Le Bas des Teurons,299,47.0241,4.839229
21054,Beaune,Beaune premier cru Le Clos des Mouches,300,47.0241,4.839229
21054,Beaune,Beaune premier cru Les Aigrots,301,47.0241,4.839229
21054,Beaune,Beaune premier cru Les Avaux,302,47.0241,4.839229
21054,Beaune,Beaune premier cru Les Boucherottes,303,47.0241,4.839229
21054,Beaune,Beaune premier cru Les Bressandes,304,47.0241,4.839229
21054,Beaune,Beaune premier cru Les Cents Vignes,305,47.0241,4.839229
21054,Beaune,Beaune premier cru Les Chouacheux,306,47.0241,4.839229
21054,Beaune,Beaune premier cru Les Epenotes,307,47.0241,4.839229
21054,Beaune,Beaune premier cru Les Fèves,308,47.0241,4.839229
21054,Beaune,Beaune premier cru Les Grèves,309,47.0241,4.839229
21054,Beaune,Beaune premier cru Les Marconnets,310,47.0241,4.839229
21054,Beaune,Beaune premier cru Les Montrevenots,311,47.0241,4.839229
21054,Beaune,Beaune premier cru Les Perrières,312,47.0241,4.839229
21054,Beaune,Beaune premier cru Les Reversés,313,47.0241,4.839229
21054,Beaune,Beaune premier cru Les Sceaux,314,47.0241,4.839229
21054,Beaune,Beaune premier cru Les Seurey,315,47.0241,4.839229
21054,Beaune,Beaune premier cru Les Sizies,316,47.0241,4.839229
21054,Beaune,Beaune premier cru Les Teurons,317,47.0241,4.839229
21054,Beaune,Beaune premier cru Les Toussaints,318,47.0241,4.839229
21054,Beaune,Beaune premier cru Les Tuvilains,319,47.0241,4.839229
21054,Beaune,Beaune premier cru Les Vignes Franches,320,47.0241,4.839229
21054,Beaune,Beaune premier cru Montée Rouge,321,47.0241,4.839229
21054,Beaune,Beaune premier cru Pertuisots,322,47.0241,4.839229
21054,Beaune,Beaune premier cru Sur les Grèves,323,47.0241,4.839229
21054,Beaune,Beaune premier cru Sur les Grèves - Clos Saint-Anne,324,47.0241,4.839229
21512,Puligny-Montrachet,Bienvenues-Bâtard-Montrachet,326,46.9458,4.754629
21412,Meursault,Blagny,327,46.9782,4.770829
21512,Puligny-Montrachet,Blagny,327,46.9458,4.754629
21412,Meursault,Blagny premier cru,335,46.9782,4.770829
21512,Puligny-Montrachet,Blagny premier cru,335,46.9458,4.754629
21512,Puligny-Montrachet,Blagny premier cru Hameau de Blagny,328,46.9458,4.754629
21512,Puligny-Montrachet,Blagny premier cru La Garenne ou sur la Garenne,329,46.9458,4.754629
21412,Meursault,Blagny premier cru La Jeunellotte,330,46.9782,4.770829
21412,Meursault,Blagny premier cru La Pièce sous le Bois,331,46.9782,4.770829
21412,Meursault,Blagny premier cru Sous Blagny,332,46.9782,4.770829
21412,Meursault,Blagny premier cru Sous le Dos d'Ane,333,46.9782,4.770829
21512,Puligny-Montrachet,Blagny premier cru Sous le Puits,334,46.9458,4.754629
21133,Chambolle-Musigny,Bonnes-Mares,336,47.1861,4.953529
21442,Morey-Saint-Denis,Bonnes-Mares,336,47.196,4.964329
21010,Aloxe-Corton,Bourgogne,337,47.0655,4.859929
21013,Ancey,Bourgogne,337,47.3292,4.827529
21017,Arcenant,Bourgogne,337,47.1393,4.846429
21037,Auxey-Duresses,Bourgogne,337,46.9872,4.749229
21050,Baubigny,Bourgogne,337,46.9764,4.688929
21054,Beaune,Bourgogne,337,47.0241,4.839229
21058,Belan-sur-Ource,Bourgogne,337,47.9448,4.653829
21070,Bévy,Bourgogne,337,47.1789,4.855429
21077,Bissey-la-Côte,Bourgogne,337,47.9133,4.710529
21086,Bligny-lès-Beaune,Bourgogne,337,46.9872,4.825729
21088,Boncourt-le-Bois,Bourgogne,337,47.1375,4.994029
21093,Bouix,Bourgogne,337,47.8872,4.484629
21099,Bouze-lès-Beaune,Bourgogne,337,47.052,4.771729
21109,Brion-sur-Ource,Bourgogne,337,47.916,4.663729
21110,Brochon,Bourgogne,337,47.2392,4.971529
21133,Chambolle-Musigny,Bourgogne,337,47.1861,4.953529
21149,Charrey-sur-Seine,Bourgogne,337,47.9448,4.513429
21150,Chassagne-Montrachet,Bourgogne,337,46.9368,4.729429
21161,Chaumont-le-Bois,Bourgogne,337,47.9259,4.578229
21162,Chaux,Bourgogne,337,47.1303,4.906729
21166,Chenôve,Bourgogne,337,47.2914,5.007529
21169,Chevannes,Bourgogne,337,47.1582,4.849129
21173,Chorey-les-Beaune,Bourgogne,337,47.0484,4.868029
21182,Collonges-lès-Bévy,Bourgogne,337,47.169,4.852729
21186,Comblanchien,Bourgogne,337,47.1015,4.922029
21192,Corcelles-les-Monts,Bourgogne,337,47.2941,4.939129
21194,Corgoloin,Bourgogne,337,47.0844,4.914829
21195,Cormot-le-Grand,Bourgogne,337,46.9629,4.643929
21196,Corpeau,Bourgogne,337,46.9287,4.752829
21200,Couchey,Bourgogne,337,47.2608,4.982329
21219,Curtil-Vergy,Bourgogne,337,47.1699,4.889629
21223,Daix,Bourgogne,337,47.3517,4.999429
21231,Dijon,Bourgogne,337,47.3229,5.042629
21241,Échevronne,Bourgogne,337,47.106,4.851829
21254,Étang-Vergy,Bourgogne,337,47.1771,4.877929
21265,Fixin,Bourgogne,337,47.2455,4.973329
21267,Flagey-Echézeaux,Bourgogne,337,47.1663,4.981429
21289,Fussey,Bourgogne,337,47.1186,4.836529
21295,Gevrey-Chambertin,Bourgogne,337,47.2266,4.967929
21297,Gilly-lès-Cîteaux,Bourgogne,337,47.1726,4.980529
21302,Gomméville,Bourgogne,337,47.961,4.495429
21309,Griselles,Bourgogne,337,47.8692,4.353229
21606,Ladoix-Serrigny,Bourgogne,337,47.0664,4.886929
21343,Larrey,Bourgogne,337,47.8845,4.436029
21368,Magny-lès-Villers,Bourgogne,337,47.097,4.876129
21373,Mâlain,Bourgogne,337,47.3256,4.795129
21378,Marcenay,Bourgogne,337,47.8629,4.404529
21384,Marey-lès-Fussey,Bourgogne,337,47.1195,4.858129
21390,Marsannay-la-Côte,Bourgogne,337,47.2707,4.989529
21393,Massingy,Bourgogne,337,47.9079,4.598029
21397,Mavilly-Mandelot,Bourgogne,337,47.0484,4.738429
21401,Meloisey,Bourgogne,337,47.0331,4.735729
21407,Messanges,Bourgogne,337,47.1618,4.873429
21409,Meuilley,Bourgogne,337,47.1411,4.876129
21412,Meursault,Bourgogne,337,46.9782,4.770829
21419,Molesme,Bourgogne,337,47.9349,4.357729
21428,Monthelie,Bourgogne,337,46.9926,4.767229
21435,Montliot-et-Courcelles,Bourgogne,337,47.8917,4.560229
21442,Morey-Saint-Denis,Bourgogne,337,47.196,4.964329
21444,Mosson,Bourgogne,337,47.9187,4.629529
21450,Nantoux,Bourgogne,337,47.0331,4.760929
21460,Noiron-sur-Seine,Bourgogne,337,47.9475,4.486429
21461,Nolay,Bourgogne,337,46.9521,4.634029
21464,Nuits-Saint-Georges,Bourgogne,337,47.1375,4.950829
21465,Obtrée,Bourgogne,337,47.9214,4.556629
21480,Pernand-Vergelesses,Bourgogne,337,47.0799,4.851829
21485,Plombières-lès-Dijon,Bourgogne,337,47.3391,4.973329
21488,Poinçon-lès-Larrey,Bourgogne,337,47.8827,4.454929
21492,Pommard,Bourgogne,337,47.0097,4.796029
21499,Pothières,Bourgogne,337,47.9223,4.520629
21506,Premeaux-Prissey,Bourgogne,337,47.1123,4.935529
21512,Puligny-Montrachet,Bourgogne,337,46.9458,4.754629
21523,Reulle-Vergy,Bourgogne,337,47.1861,4.895029
21527,Rochepot,Bourgogne,337,46.9584,4.679029
21541,Saint-Aubin,Bourgogne,337,46.9503,4.710529
21569,Saint-Romain,Bourgogne,337,46.9998,4.711429
21582,Santenay,Bourgogne,337,46.9125,4.697929
21590,Savigny-lès-Beaune,Bourgogne,337,47.0637,4.819429
21597,Segrois,Bourgogne,337,47.1591,4.893229
21617,Talant,Bourgogne,337,47.3364,5.005729
21628,Thoires,Bourgogne,337,47.9349,4.676329
21653,Vannaire,Bourgogne,337,47.9142,4.570129
21658,Vauchignon,Bourgogne,337,46.9764,4.644829
21688,Villars-Fontaine,Bourgogne,337,47.1492,4.892329
21693,Villedieu,Bourgogne,337,47.9169,4.363129
21698,Villers-la-Faye,Bourgogne,337,47.106,4.878829
21700,Villers-Patras,Bourgogne,337,47.9304,4.541329
21711,Vix,Bourgogne,337,47.9061,4.539529
21712,Volnay,Bourgogne,337,47.0016,4.781629
21714,Vosne-Romanée,Bourgogne,337,47.16,4.954429
21716,Vougeot,Bourgogne,337,47.1762,4.964329
21010,Aloxe-Corton,Bourgogne aligoté,1877,47.0655,4.859929
21013,Ancey,Bourgogne aligoté,1877,47.3292,4.827529
21017,Arcenant,Bourgogne aligoté,1877,47.1393,4.846429
21037,Auxey-Duresses,Bourgogne aligoté,1877,46.9872,4.749229
21050,Baubigny,Bourgogne aligoté,1877,46.9764,4.688929
21054,Beaune,Bourgogne aligoté,1877,47.0241,4.839229
21058,Belan-sur-Ource,Bourgogne aligoté,1877,47.9448,4.653829
21070,Bévy,Bourgogne aligoté,1877,47.1789,4.855429
21077,Bissey-la-Côte,Bourgogne aligoté,1877,47.9133,4.710529
21086,Bligny-lès-Beaune,Bourgogne aligoté,1877,46.9872,4.825729
21088,Boncourt-le-Bois,Bourgogne aligoté,1877,47.1375,4.994029
21093,Bouix,Bourgogne aligoté,1877,47.8872,4.484629
21099,Bouze-lès-Beaune,Bourgogne aligoté,1877,47.052,4.771729
21109,Brion-sur-Ource,Bourgogne aligoté,1877,47.916,4.663729
21110,Brochon,Bourgogne aligoté,1877,47.2392,4.971529
21133,Chambolle-Musigny,Bourgogne aligoté,1877,47.1861,4.953529
21149,Charrey-sur-Seine,Bourgogne aligoté,1877,47.9448,4.513429
21150,Chassagne-Montrachet,Bourgogne aligoté,1877,46.9368,4.729429
21161,Chaumont-le-Bois,Bourgogne aligoté,1877,47.9259,4.578229
21162,Chaux,Bourgogne aligoté,1877,47.1303,4.906729
21166,Chenôve,Bourgogne aligoté,1877,47.2914,5.007529
21169,Chevannes,Bourgogne aligoté,1877,47.1582,4.849129
21173,Chorey-les-Beaune,Bourgogne aligoté,1877,47.0484,4.868029
21182,Collonges-lès-Bévy,Bourgogne aligoté,1877,47.169,4.852729
21186,Comblanchien,Bourgogne aligoté,1877,47.1015,4.922029
21192,Corcelles-les-Monts,Bourgogne aligoté,1877,47.2941,4.939129
21194,Corgoloin,Bourgogne aligoté,1877,47.0844,4.914829
21195,Cormot-le-Grand,Bourgogne aligoté,1877,46.9629,4.643929
21196,Corpeau,Bourgogne aligoté,1877,46.9287,4.752829
21200,Couchey,Bourgogne aligoté,1877,47.2608,4.982329
21219,Curtil-Vergy,Bourgogne aligoté,1877,47.1699,4.889629
21223,Daix,Bourgogne aligoté,1877,47.3517,4.999429
21231,Dijon,Bourgogne aligoté,1877,47.3229,5.042629
21241,Échevronne,Bourgogne aligoté,1877,47.106,4.851829
21254,Étang-Vergy,Bourgogne aligoté,1877,47.1771,4.877929
21265,Fixin,Bourgogne aligoté,1877,47.2455,4.973329
21267,Flagey-Echézeaux,Bourgogne aligoté,1877,47.1663,4.981429
21289,Fussey,Bourgogne aligoté,1877,47.1186,4.836529
21295,Gevrey-Chambertin,Bourgogne aligoté,1877,47.2266,4.967929
21297,Gilly-lès-Cîteaux,Bourgogne aligoté,1877,47.1726,4.980529
21302,Gomméville,Bourgogne aligoté,1877,47.961,4.495429
21309,Griselles,Bourgogne aligoté,1877,47.8692,4.353229
21606,Ladoix-Serrigny,Bourgogne aligoté,1877,47.0664,4.886929
21343,Larrey,Bourgogne aligoté,1877,47.8845,4.436029
21368,Magny-lès-Villers,Bourgogne aligoté,1877,47.097,4.876129
21373,Mâlain,Bourgogne aligoté,1877,47.3256,4.795129
21378,Marcenay,Bourgogne aligoté,1877,47.8629,4.404529
21384,Marey-lès-Fussey,Bourgogne aligoté,1877,47.1195,4.858129
21390,Marsannay-la-Côte,Bourgogne aligoté,1877,47.2707,4.989529
21393,Massingy,Bourgogne aligoté,1877,47.9079,4.598029
21397,Mavilly-Mandelot,Bourgogne aligoté,1877,47.0484,4.738429
21401,Meloisey,Bourgogne aligoté,1877,47.0331,4.735729
21407,Messanges,Bourgogne aligoté,1877,47.1618,4.873429
21409,Meuilley,Bourgogne aligoté,1877,47.1411,4.876129
21412,Meursault,Bourgogne aligoté,1877,46.9782,4.770829
21419,Molesme,Bourgogne aligoté,1877,47.9349,4.357729
21428,Monthelie,Bourgogne aligoté,1877,46.9926,4.767229
21435,Montliot-et-Courcelles,Bourgogne aligoté,1877,47.8917,4.560229
21442,Morey-Saint-Denis,Bourgogne aligoté,1877,47.196,4.964329
21444,Mosson,Bourgogne aligoté,1877,47.9187,4.629529
21450,Nantoux,Bourgogne aligoté,1877,47.0331,4.760929
21460,Noiron-sur-Seine,Bourgogne aligoté,1877,47.9475,4.486429
21461,Nolay,Bourgogne aligoté,1877,46.9521,4.634029
21464,Nuits-Saint-Georges,Bourgogne aligoté,1877,47.1375,4.950829
21465,Obtrée,Bourgogne aligoté,1877,47.9214,4.556629
21480,Pernand-Vergelesses,Bourgogne aligoté,1877,47.0799,4.851829
21485,Plombières-lès-Dijon,Bourgogne aligoté,1877,47.3391,4.973329
21488,Poinçon-lès-Larrey,Bourgogne aligoté,1877,47.8827,4.454929
21492,Pommard,Bourgogne aligoté,1877,47.0097,4.796029
21499,Pothières,Bourgogne aligoté,1877,47.9223,4.520629
21506,Premeaux-Prissey,Bourgogne aligoté,1877,47.1123,4.935529
21512,Puligny-Montrachet,Bourgogne aligoté,1877,46.9458,4.754629
21523,Reulle-Vergy,Bourgogne aligoté,1877,47.1861,4.895029
21527,Rochepot,Bourgogne aligoté,1877,46.9584,4.679029
21541,Saint-Aubin,Bourgogne aligoté,1877,46.9503,4.710529
21569,Saint-Romain,Bourgogne aligoté,1877,46.9998,4.711429
21582,Santenay,Bourgogne aligoté,1877,46.9125,4.697929
21590,Savigny-lès-Beaune,Bourgogne aligoté,1877,47.0637,4.819429
21597,Segrois,Bourgogne aligoté,1877,47.1591,4.893229
21617,Talant,Bourgogne aligoté,1877,47.3364,5.005729
21628,Thoires,Bourgogne aligoté,1877,47.9349,4.676329
21653,Vannaire,Bourgogne aligoté,1877,47.9142,4.570129
21658,Vauchignon,Bourgogne aligoté,1877,46.9764,4.644829
21688,Villars-Fontaine,Bourgogne aligoté,1877,47.1492,4.892329
21693,Villedieu,Bourgogne aligoté,1877,47.9169,4.363129
21698,Villers-la-Faye,Bourgogne aligoté,1877,47.106,4.878829
21700,Villers-Patras,Bourgogne aligoté,1877,47.9304,4.541329
21711,Vix,Bourgogne aligoté,1877,47.9061,4.539529
21712,Volnay,Bourgogne aligoté,1877,47.0016,4.781629
21714,Vosne-Romanée,Bourgogne aligoté,1877,47.16,4.954429
21716,Vougeot,Bourgogne aligoté,1877,47.1762,4.964329
21037,Auxey-Duresses,Bourgogne Hautes Côtes de Beaune,338,46.9872,4.749229
21050,Baubigny,Bourgogne Hautes Côtes de Beaune,338,46.9764,4.688929
21054,Beaune,Bourgogne Hautes Côtes de Beaune,338,47.0241,4.839229
21099,Bouze-lès-Beaune,Bourgogne Hautes Côtes de Beaune,338,47.052,4.771729
21195,Cormot-le-Grand,Bourgogne Hautes Côtes de Beaune,338,46.9629,4.643929
21241,Échevronne,Bourgogne Hautes Côtes de Beaune,338,47.106,4.851829
21289,Fussey,Bourgogne Hautes Côtes de Beaune,338,47.1186,4.836529
21368,Magny-lès-Villers,Bourgogne Hautes Côtes de Beaune,338,47.097,4.876129
21397,Mavilly-Mandelot,Bourgogne Hautes Côtes de Beaune,338,47.0484,4.738429
21401,Meloisey,Bourgogne Hautes Côtes de Beaune,338,47.0331,4.735729
21412,Meursault,Bourgogne Hautes Côtes de Beaune,338,46.9782,4.770829
21428,Monthelie,Bourgogne Hautes Côtes de Beaune,338,46.9926,4.767229
21450,Nantoux,Bourgogne Hautes Côtes de Beaune,338,47.0331,4.760929
21461,Nolay,Bourgogne Hautes Côtes de Beaune,338,46.9521,4.634029
21480,Pernand-Vergelesses,Bourgogne Hautes Côtes de Beaune,338,47.0799,4.851829
21492,Pommard,Bourgogne Hautes Côtes de Beaune,338,47.0097,4.796029
21527,Rochepot,Bourgogne Hautes Côtes de Beaune,338,46.9584,4.679029
21541,Saint-Aubin,Bourgogne Hautes Côtes de Beaune,338,46.9503,4.710529
21569,Saint-Romain,Bourgogne Hautes Côtes de Beaune,338,46.9998,4.711429
21590,Savigny-lès-Beaune,Bourgogne Hautes Côtes de Beaune,338,47.0637,4.819429
21658,Vauchignon,Bourgogne Hautes Côtes de Beaune,338,46.9764,4.644829
21712,Volnay,Bourgogne Hautes Côtes de Beaune,338,47.0016,4.781629
21017,Arcenant,Bourgogne Hautes Côtes de Nuits,339,47.1393,4.846429
21070,Bévy,Bourgogne Hautes Côtes de Nuits,339,47.1789,4.855429
21133,Chambolle-Musigny,Bourgogne Hautes Côtes de Nuits,339,47.1861,4.953529
21162,Chaux,Bourgogne Hautes Côtes de Nuits,339,47.1303,4.906729
21169,Chevannes,Bourgogne Hautes Côtes de Nuits,339,47.1582,4.849129
21182,Collonges-lès-Bévy,Bourgogne Hautes Côtes de Nuits,339,47.169,4.852729
21219,Curtil-Vergy,Bourgogne Hautes Côtes de Nuits,339,47.1699,4.889629
21254,Étang-Vergy,Bourgogne Hautes Côtes de Nuits,339,47.1771,4.877929
21267,Flagey-Echézeaux,Bourgogne Hautes Côtes de Nuits,339,47.1663,4.981429
21368,Magny-lès-Villers,Bourgogne Hautes Côtes de Nuits,339,47.097,4.876129
21384,Marey-lès-Fussey,Bourgogne Hautes Côtes de Nuits,339,47.1195,4.858129
21407,Messanges,Bourgogne Hautes Côtes de Nuits,339,47.1618,4.873429
21409,Meuilley,Bourgogne Hautes Côtes de Nuits,339,47.1411,4.876129
21464,Nuits-Saint-Georges,Bourgogne Hautes Côtes de Nuits,339,47.1375,4.950829
21506,Premeaux-Prissey,Bourgogne Hautes Côtes de Nuits,339,47.1123,4.935529
21523,Reulle-Vergy,Bourgogne Hautes Côtes de Nuits,339,47.1861,4.895029
21597,Segrois,Bourgogne Hautes Côtes de Nuits,339,47.1591,4.893229
21688,Villars-Fontaine,Bourgogne Hautes Côtes de Nuits,339,47.1492,4.892329
21698,Villers-la-Faye,Bourgogne Hautes Côtes de Nuits,339,47.106,4.878829
21606,Ladoix-Serrigny,Bourgogne La Chapelle Notre-Dame,346,47.0664,4.886929
21166,Chenôve,Bourgogne Le Chapitre,347,47.2914,5.007529
21231,Dijon,Bourgogne Montrecul,348,47.3229,5.042629
21010,Aloxe-Corton,Bourgogne mousseux,1879,47.0655,4.859929
21013,Ancey,Bourgogne mousseux,1879,47.3292,4.827529
21017,Arcenant,Bourgogne mousseux,1879,47.1393,4.846429
21037,Auxey-Duresses,Bourgogne mousseux,1879,46.9872,4.749229
21050,Baubigny,Bourgogne mousseux,1879,46.9764,4.688929
21054,Beaune,Bourgogne mousseux,1879,47.0241,4.839229
21058,Belan-sur-Ource,Bourgogne mousseux,1879,47.9448,4.653829
21070,Bévy,Bourgogne mousseux,1879,47.1789,4.855429
21077,Bissey-la-Côte,Bourgogne mousseux,1879,47.9133,4.710529
21086,Bligny-lès-Beaune,Bourgogne mousseux,1879,46.9872,4.825729
21088,Boncourt-le-Bois,Bourgogne mousseux,1879,47.1375,4.994029
21093,Bouix,Bourgogne mousseux,1879,47.8872,4.484629
21099,Bouze-lès-Beaune,Bourgogne mousseux,1879,47.052,4.771729
21109,Brion-sur-Ource,Bourgogne mousseux,1879,47.916,4.663729
21110,Brochon,Bourgogne mousseux,1879,47.2392,4.971529
21133,Chambolle-Musigny,Bourgogne mousseux,1879,47.1861,4.953529
21149,Charrey-sur-Seine,Bourgogne mousseux,1879,47.9448,4.513429
21150,Chassagne-Montrachet,Bourgogne mousseux,1879,46.9368,4.729429
21161,Chaumont-le-Bois,Bourgogne mousseux,1879,47.9259,4.578229
21162,Chaux,Bourgogne mousseux,1879,47.1303,4.906729
21166,Chenôve,Bourgogne mousseux,1879,47.2914,5.007529
21169,Chevannes,Bourgogne mousseux,1879,47.1582,4.849129
21173,Chorey-les-Beaune,Bourgogne mousseux,1879,47.0484,4.868029
21182,Collonges-lès-Bévy,Bourgogne mousseux,1879,47.169,4.852729
21186,Comblanchien,Bourgogne mousseux,1879,47.1015,4.922029
21192,Corcelles-les-Monts,Bourgogne mousseux,1879,47.2941,4.939129
21194,Corgoloin,Bourgogne mousseux,1879,47.0844,4.914829
21195,Cormot-le-Grand,Bourgogne mousseux,1879,46.9629,4.643929
21196,Corpeau,Bourgogne mousseux,1879,46.9287,4.752829
21200,Couchey,Bourgogne mousseux,1879,47.2608,4.982329
21219,Curtil-Vergy,Bourgogne mousseux,1879,47.1699,4.889629
21223,Daix,Bourgogne mousseux,1879,47.3517,4.999429
21231,Dijon,Bourgogne mousseux,1879,47.3229,5.042629
21241,Échevronne,Bourgogne mousseux,1879,47.106,4.851829
21254,Étang-Vergy,Bourgogne mousseux,1879,47.1771,4.877929
21265,Fixin,Bourgogne mousseux,1879,47.2455,4.973329
21267,Flagey-Echézeaux,Bourgogne mousseux,1879,47.1663,4.981429
21289,Fussey,Bourgogne mousseux,1879,47.1186,4.836529
21295,Gevrey-Chambertin,Bourgogne mousseux,1879,47.2266,4.967929
21297,Gilly-lès-Cîteaux,Bourgogne mousseux,1879,47.1726,4.980529
21302,Gomméville,Bourgogne mousseux,1879,47.961,4.495429
21309,Griselles,Bourgogne mousseux,1879,47.8692,4.353229
21606,Ladoix-Serrigny,Bourgogne mousseux,1879,47.0664,4.886929
21343,Larrey,Bourgogne mousseux,1879,47.8845,4.436029
21368,Magny-lès-Villers,Bourgogne mousseux,1879,47.097,4.876129
21373,Mâlain,Bourgogne mousseux,1879,47.3256,4.795129
21378,Marcenay,Bourgogne mousseux,1879,47.8629,4.404529
21384,Marey-lès-Fussey,Bourgogne mousseux,1879,47.1195,4.858129
21390,Marsannay-la-Côte,Bourgogne mousseux,1879,47.2707,4.989529
21393,Massingy,Bourgogne mousseux,1879,47.9079,4.598029
21397,Mavilly-Mandelot,Bourgogne mousseux,1879,47.0484,4.738429
21401,Meloisey,Bourgogne mousseux,1879,47.0331,4.735729
21407,Messanges,Bourgogne mousseux,1879,47.1618,4.873429
21409,Meuilley,Bourgogne mousseux,1879,47.1411,4.876129
21412,Meursault,Bourgogne mousseux,1879,46.9782,4.770829
21419,Molesme,Bourgogne mousseux,1879,47.9349,4.357729
21428,Monthelie,Bourgogne mousseux,1879,46.9926,4.767229
21435,Montliot-et-Courcelles,Bourgogne mousseux,1879,47.8917,4.560229
21442,Morey-Saint-Denis,Bourgogne mousseux,1879,47.196,4.964329
21444,Mosson,Bourgogne mousseux,1879,47.9187,4.629529
21450,Nantoux,Bourgogne mousseux,1879,47.0331,4.760929
21460,Noiron-sur-Seine,Bourgogne mousseux,1879,47.9475,4.486429
21461,Nolay,Bourgogne mousseux,1879,46.9521,4.634029
21464,Nuits-Saint-Georges,Bourgogne mousseux,1879,47.1375,4.950829
21465,Obtrée,Bourgogne mousseux,1879,47.9214,4.556629
21480,Pernand-Vergelesses,Bourgogne mousseux,1879,47.0799,4.851829
21485,Plombières-lès-Dijon,Bourgogne mousseux,1879,47.3391,4.973329
21488,Poinçon-lès-Larrey,Bourgogne mousseux,1879,47.8827,4.454929
21492,Pommard,Bourgogne mousseux,1879,47.0097,4.796029
21499,Pothières,Bourgogne mousseux,1879,47.9223,4.520629
21506,Premeaux-Prissey,Bourgogne mousseux,1879,47.1123,4.935529
21512,Puligny-Montrachet,Bourgogne mousseux,1879,46.9458,4.754629
21523,Reulle-Vergy,Bourgogne mousseux,1879,47.1861,4.895029
21527,Rochepot,Bourgogne mousseux,1879,46.9584,4.679029
21541,Saint-Aubin,Bourgogne mousseux,1879,46.9503,4.710529
21569,Saint-Romain,Bourgogne mousseux,1879,46.9998,4.711429
21582,Santenay,Bourgogne mousseux,1879,46.9125,4.697929
21590,Savigny-lès-Beaune,Bourgogne mousseux,1879,47.0637,4.819429
21597,Segrois,Bourgogne mousseux,1879,47.1591,4.893229
21617,Talant,Bourgogne mousseux,1879,47.3364,5.005729
21628,Thoires,Bourgogne mousseux,1879,47.9349,4.676329
21653,Vannaire,Bourgogne mousseux,1879,47.9142,4.570129
21658,Vauchignon,Bourgogne mousseux,1879,46.9764,4.644829
21688,Villars-Fontaine,Bourgogne mousseux,1879,47.1492,4.892329
21693,Villedieu,Bourgogne mousseux,1879,47.9169,4.363129
21698,Villers-la-Faye,Bourgogne mousseux,1879,47.106,4.878829
21700,Villers-Patras,Bourgogne mousseux,1879,47.9304,4.541329
21711,Vix,Bourgogne mousseux,1879,47.9061,4.539529
21712,Volnay,Bourgogne mousseux,1879,47.0016,4.781629
21714,Vosne-Romanée,Bourgogne mousseux,1879,47.16,4.954429
21716,Vougeot,Bourgogne mousseux,1879,47.1762,4.964329
21010,Aloxe-Corton,Bourgogne ordinaire et grand ordinaire,353,47.0655,4.859929
21013,Ancey,Bourgogne ordinaire et grand ordinaire,353,47.3292,4.827529
21017,Arcenant,Bourgogne ordinaire et grand ordinaire,353,47.1393,4.846429
21037,Auxey-Duresses,Bourgogne ordinaire et grand ordinaire,353,46.9872,4.749229
21050,Baubigny,Bourgogne ordinaire et grand ordinaire,353,46.9764,4.688929
21054,Beaune,Bourgogne ordinaire et grand ordinaire,353,47.0241,4.839229
21058,Belan-sur-Ource,Bourgogne ordinaire et grand ordinaire,353,47.9448,4.653829
21070,Bévy,Bourgogne ordinaire et grand ordinaire,353,47.1789,4.855429
21077,Bissey-la-Côte,Bourgogne ordinaire et grand ordinaire,353,47.9133,4.710529
21086,Bligny-lès-Beaune,Bourgogne ordinaire et grand ordinaire,353,46.9872,4.825729
21088,Boncourt-le-Bois,Bourgogne ordinaire et grand ordinaire,353,47.1375,4.994029
21093,Bouix,Bourgogne ordinaire et grand ordinaire,353,47.8872,4.484629
21099,Bouze-lès-Beaune,Bourgogne ordinaire et grand ordinaire,353,47.052,4.771729
21109,Brion-sur-Ource,Bourgogne ordinaire et grand ordinaire,353,47.916,4.663729
21110,Brochon,Bourgogne ordinaire et grand ordinaire,353,47.2392,4.971529
21122,Bussy-le-Grand,Bourgogne ordinaire et grand ordinaire,353,47.574,4.517929
21133,Chambolle-Musigny,Bourgogne ordinaire et grand ordinaire,353,47.1861,4.953529
21149,Charrey-sur-Seine,Bourgogne ordinaire et grand ordinaire,353,47.9448,4.513429
21150,Chassagne-Montrachet,Bourgogne ordinaire et grand ordinaire,353,46.9368,4.729429
21161,Chaumont-le-Bois,Bourgogne ordinaire et grand ordinaire,353,47.9259,4.578229
21162,Chaux,Bourgogne ordinaire et grand ordinaire,353,47.1303,4.906729
21166,Chenôve,Bourgogne ordinaire et grand ordinaire,353,47.2914,5.007529
21169,Chevannes,Bourgogne ordinaire et grand ordinaire,353,47.1582,4.849129
21173,Chorey-les-Beaune,Bourgogne ordinaire et grand ordinaire,353,47.0484,4.868029
21182,Collonges-lès-Bévy,Bourgogne ordinaire et grand ordinaire,353,47.169,4.852729
21185,Combertault,Bourgogne ordinaire et grand ordinaire,353,46.9926,4.899529
21186,Comblanchien,Bourgogne ordinaire et grand ordinaire,353,47.1015,4.922029
21190,Corcelles-les-Arts,Bourgogne ordinaire et grand ordinaire,353,46.9521,4.795129
21192,Corcelles-les-Monts,Bourgogne ordinaire et grand ordinaire,353,47.2941,4.939129
21194,Corgoloin,Bourgogne ordinaire et grand ordinaire,353,47.0844,4.914829
21195,Cormot-le-Grand,Bourgogne ordinaire et grand ordinaire,353,46.9629,4.643929
21196,Corpeau,Bourgogne ordinaire et grand ordinaire,353,46.9287,4.752829
21200,Couchey,Bourgogne ordinaire et grand ordinaire,353,47.2608,4.982329
21219,Curtil-Vergy,Bourgogne ordinaire et grand ordinaire,353,47.1699,4.889629
21223,Daix,Bourgogne ordinaire et grand ordinaire,353,47.3517,4.999429
21231,Dijon,Bourgogne ordinaire et grand ordinaire,353,47.3229,5.042629
21241,Échevronne,Bourgogne ordinaire et grand ordinaire,353,47.106,4.851829
21254,Étang-Vergy,Bourgogne ordinaire et grand ordinaire,353,47.1771,4.877929
21265,Fixin,Bourgogne ordinaire et grand ordinaire,353,47.2455,4.973329
21267,Flagey-Echézeaux,Bourgogne ordinaire et grand ordinaire,353,47.1663,4.981429
21289,Fussey,Bourgogne ordinaire et grand ordinaire,353,47.1186,4.836529
21295,Gevrey-Chambertin,Bourgogne ordinaire et grand ordinaire,353,47.2266,4.967929
21297,Gilly-lès-Cîteaux,Bourgogne ordinaire et grand ordinaire,353,47.1726,4.980529
21302,Gomméville,Bourgogne ordinaire et grand ordinaire,353,47.961,4.495429
21309,Griselles,Bourgogne ordinaire et grand ordinaire,353,47.8692,4.353229
21606,Ladoix-Serrigny,Bourgogne ordinaire et grand ordinaire,353,47.0664,4.886929
21343,Larrey,Bourgogne ordinaire et grand ordinaire,353,47.8845,4.436029
21368,Magny-lès-Villers,Bourgogne ordinaire et grand ordinaire,353,47.097,4.876129
21373,Mâlain,Bourgogne ordinaire et grand ordinaire,353,47.3256,4.795129
21378,Marcenay,Bourgogne ordinaire et grand ordinaire,353,47.8629,4.404529
21384,Marey-lès-Fussey,Bourgogne ordinaire et grand ordinaire,353,47.1195,4.858129
21390,Marsannay-la-Côte,Bourgogne ordinaire et grand ordinaire,353,47.2707,4.989529
21393,Massingy,Bourgogne ordinaire et grand ordinaire,353,47.9079,4.598029
21397,Mavilly-Mandelot,Bourgogne ordinaire et grand ordinaire,353,47.0484,4.738429
21401,Meloisey,Bourgogne ordinaire et grand ordinaire,353,47.0331,4.735729
21407,Messanges,Bourgogne ordinaire et grand ordinaire,353,47.1618,4.873429
21409,Meuilley,Bourgogne ordinaire et grand ordinaire,353,47.1411,4.876129
21412,Meursault,Bourgogne ordinaire et grand ordinaire,353,46.9782,4.770829
21419,Molesme,Bourgogne ordinaire et grand ordinaire,353,47.9349,4.357729
21423,Montagny-lès-Beaune,Bourgogne ordinaire et grand ordinaire,353,46.9908,4.850029
21428,Monthelie,Bourgogne ordinaire et grand ordinaire,353,46.9926,4.767229
21435,Montliot-et-Courcelles,Bourgogne ordinaire et grand ordinaire,353,47.8917,4.560229
21442,Morey-Saint-Denis,Bourgogne ordinaire et grand ordinaire,353,47.196,4.964329
21444,Mosson,Bourgogne ordinaire et grand ordinaire,353,47.9187,4.629529
21450,Nantoux,Bourgogne ordinaire et grand ordinaire,353,47.0331,4.760929
21460,Noiron-sur-Seine,Bourgogne ordinaire et grand ordinaire,353,47.9475,4.486429
21461,Nolay,Bourgogne ordinaire et grand ordinaire,353,46.9521,4.634029
21464,Nuits-Saint-Georges,Bourgogne ordinaire et grand ordinaire,353,47.1375,4.950829
21465,Obtrée,Bourgogne ordinaire et grand ordinaire,353,47.9214,4.556629
21480,Pernand-Vergelesses,Bourgogne ordinaire et grand ordinaire,353,47.0799,4.851829
21485,Plombières-lès-Dijon,Bourgogne ordinaire et grand ordinaire,353,47.3391,4.973329
21488,Poinçon-lès-Larrey,Bourgogne ordinaire et grand ordinaire,353,47.8827,4.454929
21492,Pommard,Bourgogne ordinaire et grand ordinaire,353,47.0097,4.796029
21499,Pothières,Bourgogne ordinaire et grand ordinaire,353,47.9223,4.520629
21506,Premeaux-Prissey,Bourgogne ordinaire et grand ordinaire,353,47.1123,4.935529
21512,Puligny-Montrachet,Bourgogne ordinaire et grand ordinaire,353,46.9458,4.754629
21523,Reulle-Vergy,Bourgogne ordinaire et grand ordinaire,353,47.1861,4.895029
21527,Rochepot,Bourgogne ordinaire et grand ordinaire,353,46.9584,4.679029
21541,Saint-Aubin,Bourgogne ordinaire et grand ordinaire,353,46.9503,4.710529
21569,Saint-Romain,Bourgogne ordinaire et grand ordinaire,353,46.9998,4.711429
21558,Sainte-Marie-la-Blanche,Bourgogne ordinaire et grand ordinaire,353,46.9782,4.891429
21582,Santenay,Bourgogne ordinaire et grand ordinaire,353,46.9125,4.697929
21590,Savigny-lès-Beaune,Bourgogne ordinaire et grand ordinaire,353,47.0637,4.819429
21597,Segrois,Bourgogne ordinaire et grand ordinaire,353,47.1591,4.893229
21616,Tailly,Bourgogne ordinaire et grand ordinaire,353,46.9692,4.814929
21617,Talant,Bourgogne ordinaire et grand ordinaire,353,47.3364,5.005729
21628,Thoires,Bourgogne ordinaire et grand ordinaire,353,47.9349,4.676329
21653,Vannaire,Bourgogne ordinaire et grand ordinaire,353,47.9142,4.570129
21658,Vauchignon,Bourgogne ordinaire et grand ordinaire,353,46.9764,4.644829
21688,Villars-Fontaine,Bourgogne ordinaire et grand ordinaire,353,47.1492,4.892329
21693,Villedieu,Bourgogne ordinaire et grand ordinaire,353,47.9169,4.363129
21698,Villers-la-Faye,Bourgogne ordinaire et grand ordinaire,353,47.106,4.878829
21700,Villers-Patras,Bourgogne ordinaire et grand ordinaire,353,47.9304,4.541329
21711,Vix,Bourgogne ordinaire et grand ordinaire,353,47.9061,4.539529
21712,Volnay,Bourgogne ordinaire et grand ordinaire,353,47.0016,4.781629
21714,Vosne-Romanée,Bourgogne ordinaire et grand ordinaire,353,47.16,4.954429
21716,Vougeot,Bourgogne ordinaire et grand ordinaire,353,47.1762,4.964329
21010,Aloxe-Corton,Bourgogne Passe-tout-grains,1876,47.0655,4.859929
21013,Ancey,Bourgogne Passe-tout-grains,1876,47.3292,4.827529
21017,Arcenant,Bourgogne Passe-tout-grains,1876,47.1393,4.846429
21037,Auxey-Duresses,Bourgogne Passe-tout-grains,1876,46.9872,4.749229
21050,Baubigny,Bourgogne Passe-tout-grains,1876,46.9764,4.688929
21054,Beaune,Bourgogne Passe-tout-grains,1876,47.0241,4.839229
21058,Belan-sur-Ource,Bourgogne Passe-tout-grains,1876,47.9448,4.653829
21070,Bévy,Bourgogne Passe-tout-grains,1876,47.1789,4.855429
21077,Bissey-la-Côte,Bourgogne Passe-tout-grains,1876,47.9133,4.710529
21086,Bligny-lès-Beaune,Bourgogne Passe-tout-grains,1876,46.9872,4.825729
21088,Boncourt-le-Bois,Bourgogne Passe-tout-grains,1876,47.1375,4.994029
21093,Bouix,Bourgogne Passe-tout-grains,1876,47.8872,4.484629
21099,Bouze-lès-Beaune,Bourgogne Passe-tout-grains,1876,47.052,4.771729
21109,Brion-sur-Ource,Bourgogne Passe-tout-grains,1876,47.916,4.663729
21110,Brochon,Bourgogne Passe-tout-grains,1876,47.2392,4.971529
21133,Chambolle-Musigny,Bourgogne Passe-tout-grains,1876,47.1861,4.953529
21149,Charrey-sur-Seine,Bourgogne Passe-tout-grains,1876,47.9448,4.513429
21150,Chassagne-Montrachet,Bourgogne Passe-tout-grains,1876,46.9368,4.729429
21161,Chaumont-le-Bois,Bourgogne Passe-tout-grains,1876,47.9259,4.578229
21162,Chaux,Bourgogne Passe-tout-grains,1876,47.1303,4.906729
21166,Chenôve,Bourgogne Passe-tout-grains,1876,47.2914,5.007529
21169,Chevannes,Bourgogne Passe-tout-grains,1876,47.1582,4.849129
21173,Chorey-les-Beaune,Bourgogne Passe-tout-grains,1876,47.0484,4.868029
21182,Collonges-lès-Bévy,Bourgogne Passe-tout-grains,1876,47.169,4.852729
21186,Comblanchien,Bourgogne Passe-tout-grains,1876,47.1015,4.922029
21192,Corcelles-les-Monts,Bourgogne Passe-tout-grains,1876,47.2941,4.939129
21194,Corgoloin,Bourgogne Passe-tout-grains,1876,47.0844,4.914829
21195,Cormot-le-Grand,Bourgogne Passe-tout-grains,1876,46.9629,4.643929
21196,Corpeau,Bourgogne Passe-tout-grains,1876,46.9287,4.752829
21200,Couchey,Bourgogne Passe-tout-grains,1876,47.2608,4.982329
21219,Curtil-Vergy,Bourgogne Passe-tout-grains,1876,47.1699,4.889629
21223,Daix,Bourgogne Passe-tout-grains,1876,47.3517,4.999429
21231,Dijon,Bourgogne Passe-tout-grains,1876,47.3229,5.042629
21241,Échevronne,Bourgogne Passe-tout-grains,1876,47.106,4.851829
21254,Étang-Vergy,Bourgogne Passe-tout-grains,1876,47.1771,4.877929
21265,Fixin,Bourgogne Passe-tout-grains,1876,47.2455,4.973329
21267,Flagey-Echézeaux,Bourgogne Passe-tout-grains,1876,47.1663,4.981429
21289,Fussey,Bourgogne Passe-tout-grains,1876,47.1186,4.836529
21295,Gevrey-Chambertin,Bourgogne Passe-tout-grains,1876,47.2266,4.967929
21297,Gilly-lès-Cîteaux,Bourgogne Passe-tout-grains,1876,47.1726,4.980529
21302,Gomméville,Bourgogne Passe-tout-grains,1876,47.961,4.495429
21309,Griselles,Bourgogne Passe-tout-grains,1876,47.8692,4.353229
21606,Ladoix-Serrigny,Bourgogne Passe-tout-grains,1876,47.0664,4.886929
21343,Larrey,Bourgogne Passe-tout-grains,1876,47.8845,4.436029
21368,Magny-lès-Villers,Bourgogne Passe-tout-grains,1876,47.097,4.876129
21373,Mâlain,Bourgogne Passe-tout-grains,1876,47.3256,4.795129
21378,Marcenay,Bourgogne Passe-tout-grains,1876,47.8629,4.404529
21384,Marey-lès-Fussey,Bourgogne Passe-tout-grains,1876,47.1195,4.858129
21390,Marsannay-la-Côte,Bourgogne Passe-tout-grains,1876,47.2707,4.989529
21393,Massingy,Bourgogne Passe-tout-grains,1876,47.9079,4.598029
21397,Mavilly-Mandelot,Bourgogne Passe-tout-grains,1876,47.0484,4.738429
21401,Meloisey,Bourgogne Passe-tout-grains,1876,47.0331,4.735729
21407,Messanges,Bourgogne Passe-tout-grains,1876,47.1618,4.873429
21409,Meuilley,Bourgogne Passe-tout-grains,1876,47.1411,4.876129
21412,Meursault,Bourgogne Passe-tout-grains,1876,46.9782,4.770829
21419,Molesme,Bourgogne Passe-tout-grains,1876,47.9349,4.357729
21428,Monthelie,Bourgogne Passe-tout-grains,1876,46.9926,4.767229
21435,Montliot-et-Courcelles,Bourgogne Passe-tout-grains,1876,47.8917,4.560229
21442,Morey-Saint-Denis,Bourgogne Passe-tout-grains,1876,47.196,4.964329
21444,Mosson,Bourgogne Passe-tout-grains,1876,47.9187,4.629529
21450,Nantoux,Bourgogne Passe-tout-grains,1876,47.0331,4.760929
21460,Noiron-sur-Seine,Bourgogne Passe-tout-grains,1876,47.9475,4.486429
21461,Nolay,Bourgogne Passe-tout-grains,1876,46.9521,4.634029
21464,Nuits-Saint-Georges,Bourgogne Passe-tout-grains,1876,47.1375,4.950829
21465,Obtrée,Bourgogne Passe-tout-grains,1876,47.9214,4.556629
21480,Pernand-Vergelesses,Bourgogne Passe-tout-grains,1876,47.0799,4.851829
21485,Plombières-lès-Dijon,Bourgogne Passe-tout-grains,1876,47.3391,4.973329
21488,Poinçon-lès-Larrey,Bourgogne Passe-tout-grains,1876,47.8827,4.454929
21492,Pommard,Bourgogne Passe-tout-grains,1876,47.0097,4.796029
21499,Pothières,Bourgogne Passe-tout-grains,1876,47.9223,4.520629
21506,Premeaux-Prissey,Bourgogne Passe-tout-grains,1876,47.1123,4.935529
21512,Puligny-Montrachet,Bourgogne Passe-tout-grains,1876,46.9458,4.754629
21523,Reulle-Vergy,Bourgogne Passe-tout-grains,1876,47.1861,4.895029
21527,Rochepot,Bourgogne Passe-tout-grains,1876,46.9584,4.679029
21541,Saint-Aubin,Bourgogne Passe-tout-grains,1876,46.9503,4.710529
21569,Saint-Romain,Bourgogne Passe-tout-grains,1876,46.9998,4.711429
21582,Santenay,Bourgogne Passe-tout-grains,1876,46.9125,4.697929
21590,Savigny-lès-Beaune,Bourgogne Passe-tout-grains,1876,47.0637,4.819429
21597,Segrois,Bourgogne Passe-tout-grains,1876,47.1591,4.893229
21617,Talant,Bourgogne Passe-tout-grains,1876,47.3364,5.005729
21628,Thoires,Bourgogne Passe-tout-grains,1876,47.9349,4.676329
21653,Vannaire,Bourgogne Passe-tout-grains,1876,47.9142,4.570129
21658,Vauchignon,Bourgogne Passe-tout-grains,1876,46.9764,4.644829
21688,Villars-Fontaine,Bourgogne Passe-tout-grains,1876,47.1492,4.892329
21693,Villedieu,Bourgogne Passe-tout-grains,1876,47.9169,4.363129
21698,Villers-la-Faye,Bourgogne Passe-tout-grains,1876,47.106,4.878829
21700,Villers-Patras,Bourgogne Passe-tout-grains,1876,47.9304,4.541329
21711,Vix,Bourgogne Passe-tout-grains,1876,47.9061,4.539529
21712,Volnay,Bourgogne Passe-tout-grains,1876,47.0016,4.781629
21714,Vosne-Romanée,Bourgogne Passe-tout-grains,1876,47.16,4.954429
21716,Vougeot,Bourgogne Passe-tout-grains,1876,47.1762,4.964329
21295,Gevrey-Chambertin,Chambertin,406,47.2266,4.967929
21295,Gevrey-Chambertin,Chambertin-Clos de Bèze,407,47.2266,4.967929
21133,Chambolle-Musigny,Chambolle-Musigny,408,47.1861,4.953529
21133,Chambolle-Musigny,Chambolle-Musigny premier cru,433,47.1861,4.953529
21133,Chambolle-Musigny,Chambolle-Musigny premier cru Aux Beaux Bruns,409,47.1861,4.953529
21133,Chambolle-Musigny,Chambolle-Musigny premier cru Aux Combottes,410,47.1861,4.953529
21133,Chambolle-Musigny,Chambolle-Musigny premier cru Aux Echanges,411,47.1861,4.953529
21133,Chambolle-Musigny,Chambolle-Musigny premier cru Derrière la Grange,412,47.1861,4.953529
21133,Chambolle-Musigny,Chambolle-Musigny premier cru La Combe d'Orveau,413,47.1861,4.953529
21133,Chambolle-Musigny,Chambolle-Musigny premier cru Les Amoureuses,414,47.1861,4.953529
21133,Chambolle-Musigny,Chambolle-Musigny premier cru Les Baudes,415,47.1861,4.953529
21133,Chambolle-Musigny,Chambolle-Musigny premier cru Les Borniques,416,47.1861,4.953529
21133,Chambolle-Musigny,Chambolle-Musigny premier cru Les Carrières,417,47.1861,4.953529
21133,Chambolle-Musigny,Chambolle-Musigny premier cru Les Chabiots,418,47.1861,4.953529
21133,Chambolle-Musigny,Chambolle-Musigny premier cru Les Charmes,419,47.1861,4.953529
21133,Chambolle-Musigny,Chambolle-Musigny premier cru Les Chatelots,420,47.1861,4.953529
21133,Chambolle-Musigny,Chambolle-Musigny premier cru Les Combottes,421,47.1861,4.953529
21133,Chambolle-Musigny,Chambolle-Musigny premier cru Les Cras,422,47.1861,4.953529
21133,Chambolle-Musigny,Chambolle-Musigny premier cru Les Feusselottes,423,47.1861,4.953529
21133,Chambolle-Musigny,Chambolle-Musigny premier cru Les Fuées,424,47.1861,4.953529
21133,Chambolle-Musigny,Chambolle-Musigny premier cru Les Groseilles,425,47.1861,4.953529
21133,Chambolle-Musigny,Chambolle-Musigny premier cru Les Gruenchers,426,47.1861,4.953529
21133,Chambolle-Musigny,Chambolle-Musigny premier cru Les Hauts Doix,427,47.1861,4.953529
21133,Chambolle-Musigny,Chambolle-Musigny premier cru Les Lavrottes,428,47.1861,4.953529
21133,Chambolle-Musigny,Chambolle-Musigny premier cru Les Noirots,429,47.1861,4.953529
21133,Chambolle-Musigny,Chambolle-Musigny premier cru Les Plantes,430,47.1861,4.953529
21133,Chambolle-Musigny,Chambolle-Musigny premier cru Les Sentiers,431,47.1861,4.953529
21133,Chambolle-Musigny,Chambolle-Musigny premier cru Les Véroilles,432,47.1861,4.953529
21295,Gevrey-Chambertin,Chapelle-Chambertin,434,47.2266,4.967929
21010,Aloxe-Corton,Charlemagne,435,47.0655,4.859929
21606,Ladoix-Serrigny,Charlemagne,435,47.0664,4.886929
21480,Pernand-Vergelesses,Charlemagne,435,47.0799,4.851829
21295,Gevrey-Chambertin,Charmes-Chambertin,436,47.2266,4.967929
21150,Chassagne-Montrachet,Chassagne-Montrachet,437,46.9368,4.729429
21150,Chassagne-Montrachet,Chassagne-Montrachet premier cru,493,46.9368,4.729429
21150,Chassagne-Montrachet,Chassagne-Montrachet premier cru Abbaye de Morgeot,438,46.9368,4.729429
21150,Chassagne-Montrachet,Chassagne-Montrachet premier cru Blanchot dessus,439,46.9368,4.729429
21150,Chassagne-Montrachet,Chassagne-Montrachet premier cru Bois de Chassagne,440,46.9368,4.729429
21150,Chassagne-Montrachet,Chassagne-Montrachet premier cru Cailleret,441,46.9368,4.729429
21150,Chassagne-Montrachet,Chassagne-Montrachet premier cru Champs Jendreau,442,46.9368,4.729429
21150,Chassagne-Montrachet,Chassagne-Montrachet premier cru Chassagne,443,46.9368,4.729429
21150,Chassagne-Montrachet,Chassagne-Montrachet premier cru Chassagne du Clos Chareau,445,46.9368,4.729429
21150,Chassagne-Montrachet,Chassagne-Montrachet premier cru Chassagne du Clos Saint-Jean,444,46.9368,4.729429
21150,Chassagne-Montrachet,Chassagne-Montrachet premier cru Clos Pitois,446,46.9368,4.729429
21150,Chassagne-Montrachet,Chassagne-Montrachet premier cru Clos Saint-Jean,447,46.9368,4.729429
21150,Chassagne-Montrachet,Chassagne-Montrachet premier cru Dent de Chien,448,46.9368,4.729429
21150,Chassagne-Montrachet,Chassagne-Montrachet premier cru En Cailleret,449,46.9368,4.729429
21150,Chassagne-Montrachet,Chassagne-Montrachet premier cru En Remilly,450,46.9368,4.729429
21150,Chassagne-Montrachet,Chassagne-Montrachet premier cru En Virondot,451,46.9368,4.729429
21150,Chassagne-Montrachet,Chassagne-Montrachet premier cru Ez Crets,452,46.9368,4.729429
21150,Chassagne-Montrachet,Chassagne-Montrachet premier cru Ez Crottes,453,46.9368,4.729429
21150,Chassagne-Montrachet,Chassagne-Montrachet premier cru Francemont,454,46.9368,4.729429
21150,Chassagne-Montrachet,Chassagne-Montrachet premier cru Guerchère,455,46.9368,4.729429
21150,Chassagne-Montrachet,Chassagne-Montrachet premier cru La Boudriotte,456,46.9368,4.729429
21150,Chassagne-Montrachet,Chassagne-Montrachet premier cru La Cardeuse,457,46.9368,4.729429
21150,Chassagne-Montrachet,Chassagne-Montrachet premier cru La Chapelle,458,46.9368,4.729429
21150,Chassagne-Montrachet,Chassagne-Montrachet premier cru La Grande Borne,459,46.9368,4.729429
21150,Chassagne-Montrachet,Chassagne-Montrachet premier cru La Grande Montagne,460,46.9368,4.729429
21150,Chassagne-Montrachet,Chassagne-Montrachet premier cru La Maltroie,461,46.9368,4.729429
21150,Chassagne-Montrachet,Chassagne-Montrachet premier cru La Romanée,462,46.9368,4.729429
21150,Chassagne-Montrachet,Chassagne-Montrachet premier cru La Roquemaure,463,46.9368,4.729429
21150,Chassagne-Montrachet,Chassagne-Montrachet premier cru Les Baudines,464,46.9368,4.729429
21150,Chassagne-Montrachet,Chassagne-Montrachet premier cru Les Boirettes,465,46.9368,4.729429
21150,Chassagne-Montrachet,Chassagne-Montrachet premier cru Les Bondues,466,46.9368,4.729429
21150,Chassagne-Montrachet,Chassagne-Montrachet premier cru Les Brussonnes,467,46.9368,4.729429
21150,Chassagne-Montrachet,Chassagne-Montrachet premier cru Les Champs gain,468,46.9368,4.729429
21150,Chassagne-Montrachet,Chassagne-Montrachet premier cru Les Chaumées,470,46.9368,4.729429
21150,Chassagne-Montrachet,Chassagne-Montrachet premier cru Les Chaumes,469,46.9368,4.729429
21150,Chassagne-Montrachet,Chassagne-Montrachet premier cru Les Chenevottes,471,46.9368,4.729429
21150,Chassagne-Montrachet,Chassagne-Montrachet premier cru Les Combards,472,46.9368,4.729429
21150,Chassagne-Montrachet,Chassagne-Montrachet premier cru Les Commes,473,46.9368,4.729429
21150,Chassagne-Montrachet,Chassagne-Montrachet premier cru Les Embazées,474,46.9368,4.729429
21150,Chassagne-Montrachet,Chassagne-Montrachet premier cru Les Fairendes,475,46.9368,4.729429
21150,Chassagne-Montrachet,Chassagne-Montrachet premier cru Les Grandes Clos,477,46.9368,4.729429
21150,Chassagne-Montrachet,Chassagne-Montrachet premier cru Les Grandes Ruchottes,476,46.9368,4.729429
21150,Chassagne-Montrachet,Chassagne-Montrachet premier cru Les Macherelles,478,46.9368,4.729429
21150,Chassagne-Montrachet,Chassagne-Montrachet premier cru Les Murées,479,46.9368,4.729429
21150,Chassagne-Montrachet,Chassagne-Montrachet premier cru Les Pasquelles,480,46.9368,4.729429
21150,Chassagne-Montrachet,Chassagne-Montrachet premier cru Les Petites Fairendes,481,46.9368,4.729429
21150,Chassagne-Montrachet,Chassagne-Montrachet premier cru Les Petits Clos,482,46.9368,4.729429
21150,Chassagne-Montrachet,Chassagne-Montrachet premier cru Les Places,483,46.9368,4.729429
21150,Chassagne-Montrachet,Chassagne-Montrachet premier cru Les Rebichets,484,46.9368,4.729429
21150,Chassagne-Montrachet,Chassagne-Montrachet premier cru Les Vergers,485,46.9368,4.729429
21150,Chassagne-Montrachet,Chassagne-Montrachet premier cru Morgeot,486,46.9368,4.729429
21150,Chassagne-Montrachet,Chassagne-Montrachet premier cru Petingeret,487,46.9368,4.729429
21150,Chassagne-Montrachet,Chassagne-Montrachet premier cru Tête du Clos,489,46.9368,4.729429
21150,Chassagne-Montrachet,Chassagne-Montrachet premier cru Tonton Marcel,488,46.9368,4.729429
21150,Chassagne-Montrachet,Chassagne-Montrachet premier cru Vide Bourse,490,46.9368,4.729429
21150,Chassagne-Montrachet,Chassagne-Montrachet premier cru Vigne Blanche,491,46.9368,4.729429
21150,Chassagne-Montrachet,Chassagne-Montrachet premier cru Vigne Derrière,492,46.9368,4.729429
21512,Puligny-Montrachet,Chevalier-Montrachet,498,46.9458,4.754629
21173,Chorey-les-Beaune,Chorey-lès-Beaune,502,47.0484,4.868029
21442,Morey-Saint-Denis,Clos de la Roche,503,47.196,4.964329
21442,Morey-Saint-Denis,Clos de Tart,504,47.196,4.964329
21716,Vougeot,Clos de Vougeot,505,47.1762,4.964329
21442,Morey-Saint-Denis,Clos des Lambrays,506,47.196,4.964329
21442,Morey-Saint-Denis,Clos Saint-Denis,507,47.196,4.964329
21010,Aloxe-Corton,Corton,508,47.0655,4.859929
21606,Ladoix-Serrigny,Corton,508,47.0664,4.886929
21480,Pernand-Vergelesses,Corton,508,47.0799,4.851829
21010,Aloxe-Corton,Corton-Charlemagne,509,47.0655,4.859929
21606,Ladoix-Serrigny,Corton-Charlemagne,509,47.0664,4.886929
21480,Pernand-Vergelesses,Corton-Charlemagne,509,47.0799,4.851829
21054,Beaune,Côte de Beaune,510,47.0241,4.839229
21037,Auxey-Duresses,Côte de Beaune-Villages,511,46.9872,4.749229
21150,Chassagne-Montrachet,Côte de Beaune-Villages,511,46.9368,4.729429
21173,Chorey-les-Beaune,Côte de Beaune-Villages,511,47.0484,4.868029
21606,Ladoix-Serrigny,Côte de Beaune-Villages,511,47.0664,4.886929
21412,Meursault,Côte de Beaune-Villages,511,46.9782,4.770829
21428,Monthelie,Côte de Beaune-Villages,511,46.9926,4.767229
21480,Pernand-Vergelesses,Côte de Beaune-Villages,511,47.0799,4.851829
21512,Puligny-Montrachet,Côte de Beaune-Villages,511,46.9458,4.754629
21541,Saint-Aubin,Côte de Beaune-Villages,511,46.9503,4.710529
21569,Saint-Romain,Côte de Beaune-Villages,511,46.9998,4.711429
21582,Santenay,Côte de Beaune-Villages,511,46.9125,4.697929
21590,Savigny-lès-Beaune,Côte de Beaune-Villages,511,47.0637,4.819429
21110,Brochon,Côte de Nuits-Villages,516,47.2392,4.971529
21186,Comblanchien,Côte de Nuits-Villages,516,47.1015,4.922029
21194,Corgoloin,Côte de Nuits-Villages,516,47.0844,4.914829
21265,Fixin,Côte de Nuits-Villages,516,47.2455,4.973329
21506,Premeaux-Prissey,Côte de Nuits-Villages,516,47.1123,4.935529
21010,Aloxe-Corton,Crémant de Bourgogne,1880,47.0655,4.859929
21013,Ancey,Crémant de Bourgogne,1880,47.3292,4.827529
21017,Arcenant,Crémant de Bourgogne,1880,47.1393,4.846429
21037,Auxey-Duresses,Crémant de Bourgogne,1880,46.9872,4.749229
21050,Baubigny,Crémant de Bourgogne,1880,46.9764,4.688929
21054,Beaune,Crémant de Bourgogne,1880,47.0241,4.839229
21058,Belan-sur-Ource,Crémant de Bourgogne,1880,47.9448,4.653829
21070,Bévy,Crémant de Bourgogne,1880,47.1789,4.855429
21077,Bissey-la-Côte,Crémant de Bourgogne,1880,47.9133,4.710529
21086,Bligny-lès-Beaune,Crémant de Bourgogne,1880,46.9872,4.825729
21088,Boncourt-le-Bois,Crémant de Bourgogne,1880,47.1375,4.994029
21093,Bouix,Crémant de Bourgogne,1880,47.8872,4.484629
21099,Bouze-lès-Beaune,Crémant de Bourgogne,1880,47.052,4.771729
21109,Brion-sur-Ource,Crémant de Bourgogne,1880,47.916,4.663729
21110,Brochon,Crémant de Bourgogne,1880,47.2392,4.971529
21133,Chambolle-Musigny,Crémant de Bourgogne,1880,47.1861,4.953529
21149,Charrey-sur-Seine,Crémant de Bourgogne,1880,47.9448,4.513429
21150,Chassagne-Montrachet,Crémant de Bourgogne,1880,46.9368,4.729429
21161,Chaumont-le-Bois,Crémant de Bourgogne,1880,47.9259,4.578229
21162,Chaux,Crémant de Bourgogne,1880,47.1303,4.906729
21166,Chenôve,Crémant de Bourgogne,1880,47.2914,5.007529
21169,Chevannes,Crémant de Bourgogne,1880,47.1582,4.849129
21173,Chorey-les-Beaune,Crémant de Bourgogne,1880,47.0484,4.868029
21182,Collonges-lès-Bévy,Crémant de Bourgogne,1880,47.169,4.852729
21186,Comblanchien,Crémant de Bourgogne,1880,47.1015,4.922029
21192,Corcelles-les-Monts,Crémant de Bourgogne,1880,47.2941,4.939129
21194,Corgoloin,Crémant de Bourgogne,1880,47.0844,4.914829
21195,Cormot-le-Grand,Crémant de Bourgogne,1880,46.9629,4.643929
21196,Corpeau,Crémant de Bourgogne,1880,46.9287,4.752829
21200,Couchey,Crémant de Bourgogne,1880,47.2608,4.982329
21219,Curtil-Vergy,Crémant de Bourgogne,1880,47.1699,4.889629
21223,Daix,Crémant de Bourgogne,1880,47.3517,4.999429
21231,Dijon,Crémant de Bourgogne,1880,47.3229,5.042629
21241,Échevronne,Crémant de Bourgogne,1880,47.106,4.851829
21254,Étang-Vergy,Crémant de Bourgogne,1880,47.1771,4.877929
21265,Fixin,Crémant de Bourgogne,1880,47.2455,4.973329
21267,Flagey-Echézeaux,Crémant de Bourgogne,1880,47.1663,4.981429
21289,Fussey,Crémant de Bourgogne,1880,47.1186,4.836529
21295,Gevrey-Chambertin,Crémant de Bourgogne,1880,47.2266,4.967929
21297,Gilly-lès-Cîteaux,Crémant de Bourgogne,1880,47.1726,4.980529
21302,Gomméville,Crémant de Bourgogne,1880,47.961,4.495429
21309,Griselles,Crémant de Bourgogne,1880,47.8692,4.353229
21606,Ladoix-Serrigny,Crémant de Bourgogne,1880,47.0664,4.886929
21343,Larrey,Crémant de Bourgogne,1880,47.8845,4.436029
21368,Magny-lès-Villers,Crémant de Bourgogne,1880,47.097,4.876129
21373,Mâlain,Crémant de Bourgogne,1880,47.3256,4.795129
21378,Marcenay,Crémant de Bourgogne,1880,47.8629,4.404529
21384,Marey-lès-Fussey,Crémant de Bourgogne,1880,47.1195,4.858129
21390,Marsannay-la-Côte,Crémant de Bourgogne,1880,47.2707,4.989529
21393,Massingy,Crémant de Bourgogne,1880,47.9079,4.598029
21397,Mavilly-Mandelot,Crémant de Bourgogne,1880,47.0484,4.738429
21401,Meloisey,Crémant de Bourgogne,1880,47.0331,4.735729
21407,Messanges,Crémant de Bourgogne,1880,47.1618,4.873429
21409,Meuilley,Crémant de Bourgogne,1880,47.1411,4.876129
21412,Meursault,Crémant de Bourgogne,1880,46.9782,4.770829
21419,Molesme,Crémant de Bourgogne,1880,47.9349,4.357729
21428,Monthelie,Crémant de Bourgogne,1880,46.9926,4.767229
21435,Montliot-et-Courcelles,Crémant de Bourgogne,1880,47.8917,4.560229
21442,Morey-Saint-Denis,Crémant de Bourgogne,1880,47.196,4.964329
21444,Mosson,Crémant de Bourgogne,1880,47.9187,4.629529
21450,Nantoux,Crémant de Bourgogne,1880,47.0331,4.760929
21460,Noiron-sur-Seine,Crémant de Bourgogne,1880,47.9475,4.486429
21461,Nolay,Crémant de Bourgogne,1880,46.9521,4.634029
21464,Nuits-Saint-Georges,Crémant de Bourgogne,1880,47.1375,4.950829
21465,Obtrée,Crémant de Bourgogne,1880,47.9214,4.556629
21480,Pernand-Vergelesses,Crémant de Bourgogne,1880,47.0799,4.851829
21485,Plombières-lès-Dijon,Crémant de Bourgogne,1880,47.3391,4.973329
21488,Poinçon-lès-Larrey,Crémant de Bourgogne,1880,47.8827,4.454929
21492,Pommard,Crémant de Bourgogne,1880,47.0097,4.796029
21499,Pothières,Crémant de Bourgogne,1880,47.9223,4.520629
21506,Premeaux-Prissey,Crémant de Bourgogne,1880,47.1123,4.935529
21512,Puligny-Montrachet,Crémant de Bourgogne,1880,46.9458,4.754629
21523,Reulle-Vergy,Crémant de Bourgogne,1880,47.1861,4.895029
21527,Rochepot,Crémant de Bourgogne,1880,46.9584,4.679029
21541,Saint-Aubin,Crémant de Bourgogne,1880,46.9503,4.710529
21569,Saint-Romain,Crémant de Bourgogne,1880,46.9998,4.711429
21582,Santenay,Crémant de Bourgogne,1880,46.9125,4.697929
21590,Savigny-lès-Beaune,Crémant de Bourgogne,1880,47.0637,4.819429
21597,Segrois,Crémant de Bourgogne,1880,47.1591,4.893229
21617,Talant,Crémant de Bourgogne,1880,47.3364,5.005729
21628,Thoires,Crémant de Bourgogne,1880,47.9349,4.676329
21653,Vannaire,Crémant de Bourgogne,1880,47.9142,4.570129
21658,Vauchignon,Crémant de Bourgogne,1880,46.9764,4.644829
21688,Villars-Fontaine,Crémant de Bourgogne,1880,47.1492,4.892329
21693,Villedieu,Crémant de Bourgogne,1880,47.9169,4.363129
21698,Villers-la-Faye,Crémant de Bourgogne,1880,47.106,4.878829
21700,Villers-Patras,Crémant de Bourgogne,1880,47.9304,4.541329
21711,Vix,Crémant de Bourgogne,1880,47.9061,4.539529
21712,Volnay,Crémant de Bourgogne,1880,47.0016,4.781629
21714,Vosne-Romanée,Crémant de Bourgogne,1880,47.16,4.954429
21716,Vougeot,Crémant de Bourgogne,1880,47.1762,4.964329
21150,Chassagne-Montrachet,Criots-Bâtard-Montrachet,520,46.9368,4.729429
21267,Flagey-Echézeaux,Echezeaux,521,47.1663,4.981429
21714,Vosne-Romanée,Echezeaux,521,47.16,4.954429
21010,Aloxe-Corton,Fine de Bourgogne,1947,47.0655,4.859929
21013,Ancey,Fine de Bourgogne,1947,47.3292,4.827529
21017,Arcenant,Fine de Bourgogne,1947,47.1393,4.846429
21037,Auxey-Duresses,Fine de Bourgogne,1947,46.9872,4.749229
21050,Baubigny,Fine de Bourgogne,1947,46.9764,4.688929
21054,Beaune,Fine de Bourgogne,1947,47.0241,4.839229
21058,Belan-sur-Ource,Fine de Bourgogne,1947,47.9448,4.653829
21070,Bévy,Fine de Bourgogne,1947,47.1789,4.855429
21077,Bissey-la-Côte,Fine de Bourgogne,1947,47.9133,4.710529
21086,Bligny-lès-Beaune,Fine de Bourgogne,1947,46.9872,4.825729
21088,Boncourt-le-Bois,Fine de Bourgogne,1947,47.1375,4.994029
21093,Bouix,Fine de Bourgogne,1947,47.8872,4.484629
21099,Bouze-lès-Beaune,Fine de Bourgogne,1947,47.052,4.771729
21109,Brion-sur-Ource,Fine de Bourgogne,1947,47.916,4.663729
21110,Brochon,Fine de Bourgogne,1947,47.2392,4.971529
21133,Chambolle-Musigny,Fine de Bourgogne,1947,47.1861,4.953529
21149,Charrey-sur-Seine,Fine de Bourgogne,1947,47.9448,4.513429
21150,Chassagne-Montrachet,Fine de Bourgogne,1947,46.9368,4.729429
21161,Chaumont-le-Bois,Fine de Bourgogne,1947,47.9259,4.578229
21162,Chaux,Fine de Bourgogne,1947,47.1303,4.906729
21166,Chenôve,Fine de Bourgogne,1947,47.2914,5.007529
21169,Chevannes,Fine de Bourgogne,1947,47.1582,4.849129
21173,Chorey-les-Beaune,Fine de Bourgogne,1947,47.0484,4.868029
21182,Collonges-lès-Bévy,Fine de Bourgogne,1947,47.169,4.852729
21186,Comblanchien,Fine de Bourgogne,1947,47.1015,4.922029
21192,Corcelles-les-Monts,Fine de Bourgogne,1947,47.2941,4.939129
21194,Corgoloin,Fine de Bourgogne,1947,47.0844,4.914829
21195,Cormot-le-Grand,Fine de Bourgogne,1947,46.9629,4.643929
21196,Corpeau,Fine de Bourgogne,1947,46.9287,4.752829
21200,Couchey,Fine de Bourgogne,1947,47.2608,4.982329
21219,Curtil-Vergy,Fine de Bourgogne,1947,47.1699,4.889629
21223,Daix,Fine de Bourgogne,1947,47.3517,4.999429
21231,Dijon,Fine de Bourgogne,1947,47.3229,5.042629
21241,Échevronne,Fine de Bourgogne,1947,47.106,4.851829
21254,Étang-Vergy,Fine de Bourgogne,1947,47.1771,4.877929
21265,Fixin,Fine de Bourgogne,1947,47.2455,4.973329
21267,Flagey-Echézeaux,Fine de Bourgogne,1947,47.1663,4.981429
21289,Fussey,Fine de Bourgogne,1947,47.1186,4.836529
21295,Gevrey-Chambertin,Fine de Bourgogne,1947,47.2266,4.967929
21297,Gilly-lès-Cîteaux,Fine de Bourgogne,1947,47.1726,4.980529
21302,Gomméville,Fine de Bourgogne,1947,47.961,4.495429
21309,Griselles,Fine de Bourgogne,1947,47.8692,4.353229
21606,Ladoix-Serrigny,Fine de Bourgogne,1947,47.0664,4.886929
21343,Larrey,Fine de Bourgogne,1947,47.8845,4.436029
21368,Magny-lès-Villers,Fine de Bourgogne,1947,47.097,4.876129
21373,Mâlain,Fine de Bourgogne,1947,47.3256,4.795129
21378,Marcenay,Fine de Bourgogne,1947,47.8629,4.404529
21384,Marey-lès-Fussey,Fine de Bourgogne,1947,47.1195,4.858129
21390,Marsannay-la-Côte,Fine de Bourgogne,1947,47.2707,4.989529
21393,Massingy,Fine de Bourgogne,1947,47.9079,4.598029
21397,Mavilly-Mandelot,Fine de Bourgogne,1947,47.0484,4.738429
21401,Meloisey,Fine de Bourgogne,1947,47.0331,4.735729
21407,Messanges,Fine de Bourgogne,1947,47.1618,4.873429
21409,Meuilley,Fine de Bourgogne,1947,47.1411,4.876129
21412,Meursault,Fine de Bourgogne,1947,46.9782,4.770829
21419,Molesme,Fine de Bourgogne,1947,47.9349,4.357729
21428,Monthelie,Fine de Bourgogne,1947,46.9926,4.767229
21435,Montliot-et-Courcelles,Fine de Bourgogne,1947,47.8917,4.560229
21442,Morey-Saint-Denis,Fine de Bourgogne,1947,47.196,4.964329
21444,Mosson,Fine de Bourgogne,1947,47.9187,4.629529
21450,Nantoux,Fine de Bourgogne,1947,47.0331,4.760929
21460,Noiron-sur-Seine,Fine de Bourgogne,1947,47.9475,4.486429
21461,Nolay,Fine de Bourgogne,1947,46.9521,4.634029
21464,Nuits-Saint-Georges,Fine de Bourgogne,1947,47.1375,4.950829
21465,Obtrée,Fine de Bourgogne,1947,47.9214,4.556629
21480,Pernand-Vergelesses,Fine de Bourgogne,1947,47.0799,4.851829
21485,Plombières-lès-Dijon,Fine de Bourgogne,1947,47.3391,4.973329
21488,Poinçon-lès-Larrey,Fine de Bourgogne,1947,47.8827,4.454929
21492,Pommard,Fine de Bourgogne,1947,47.0097,4.796029
21499,Pothières,Fine de Bourgogne,1947,47.9223,4.520629
21506,Premeaux-Prissey,Fine de Bourgogne,1947,47.1123,4.935529
21512,Puligny-Montrachet,Fine de Bourgogne,1947,46.9458,4.754629
21523,Reulle-Vergy,Fine de Bourgogne,1947,47.1861,4.895029
21527,Rochepot,Fine de Bourgogne,1947,46.9584,4.679029
21541,Saint-Aubin,Fine de Bourgogne,1947,46.9503,4.710529
21569,Saint-Romain,Fine de Bourgogne,1947,46.9998,4.711429
21582,Santenay,Fine de Bourgogne,1947,46.9125,4.697929
21590,Savigny-lès-Beaune,Fine de Bourgogne,1947,47.0637,4.819429
21597,Segrois,Fine de Bourgogne,1947,47.1591,4.893229
21617,Talant,Fine de Bourgogne,1947,47.3364,5.005729
21628,Thoires,Fine de Bourgogne,1947,47.9349,4.676329
21653,Vannaire,Fine de Bourgogne,1947,47.9142,4.570129
21658,Vauchignon,Fine de Bourgogne,1947,46.9764,4.644829
21688,Villars-Fontaine,Fine de Bourgogne,1947,47.1492,4.892329
21693,Villedieu,Fine de Bourgogne,1947,47.9169,4.363129
21698,Villers-la-Faye,Fine de Bourgogne,1947,47.106,4.878829
21700,Villers-Patras,Fine de Bourgogne,1947,47.9304,4.541329
21711,Vix,Fine de Bourgogne,1947,47.9061,4.539529
21712,Volnay,Fine de Bourgogne,1947,47.0016,4.781629
21714,Vosne-Romanée,Fine de Bourgogne,1947,47.16,4.954429
21716,Vougeot,Fine de Bourgogne,1947,47.1762,4.964329
21110,Brochon,Fixin,522,47.2392,4.971529
21265,Fixin,Fixin,522,47.2455,4.973329
21110,Brochon,Fixin premier cru,528,47.2392,4.971529
21265,Fixin,Fixin premier cru,528,47.2455,4.973329
21265,Fixin,Fixin premier cru Aux Cheusots,1865,47.2455,4.973329
21110,Brochon,Fixin premier cru Clos de la Perrière,525,47.2392,4.971529
21265,Fixin,Fixin premier cru Clos de la Perrière,525,47.2455,4.973329
21265,Fixin,Fixin premier cru Clos Napoléon,524,47.2455,4.973329
21265,Fixin,Fixin premier cru En Suchot,1866,47.2455,4.973329
21265,Fixin,Fixin premier cru La Perrière,1863,47.2455,4.973329
21265,Fixin,Fixin premier cru Le Clos du Chapitre,526,47.2455,4.973329
21265,Fixin,Fixin premier cru Le Village,1864,47.2455,4.973329
21265,Fixin,Fixin premier cru Les Arvelets,523,47.2455,4.973329
21110,Brochon,Fixin premier cru Les Hervelets,527,47.2392,4.971529
21265,Fixin,Fixin premier cru Les Hervelets,527,47.2455,4.973329
21110,Brochon,Fixin premier cru Queue de Hareng,1867,47.2392,4.971529
21110,Brochon,Gevrey-Chambertin,543,47.2392,4.971529
21295,Gevrey-Chambertin,Gevrey-Chambertin,543,47.2266,4.967929
21295,Gevrey-Chambertin,Gevrey-Chambertin premier cru,570,47.2266,4.967929
21295,Gevrey-Chambertin,Gevrey-Chambertin premier cru Au Closeau,544,47.2266,4.967929
21295,Gevrey-Chambertin,Gevrey-Chambertin premier cru Aux Combottes,545,47.2266,4.967929
21295,Gevrey-Chambertin,Gevrey-Chambertin premier cru Bel Air,546,47.2266,4.967929
21295,Gevrey-Chambertin,Gevrey-Chambertin premier cru Champeaux,547,47.2266,4.967929
21295,Gevrey-Chambertin,Gevrey-Chambertin premier cru Champonnet,548,47.2266,4.967929
21295,Gevrey-Chambertin,Gevrey-Chambertin premier cru Cherbaudes,549,47.2266,4.967929
21295,Gevrey-Chambertin,Gevrey-Chambertin premier cru Clos des Varoilles,552,47.2266,4.967929
21295,Gevrey-Chambertin,Gevrey-Chambertin premier cru Clos du Chapitre,553,47.2266,4.967929
21295,Gevrey-Chambertin,Gevrey-Chambertin premier cru Clos Prieur,550,47.2266,4.967929
21295,Gevrey-Chambertin,Gevrey-Chambertin premier cru Clos Saint-Jacques,551,47.2266,4.967929
21295,Gevrey-Chambertin,Gevrey-Chambertin premier cru Combe au Moine,554,47.2266,4.967929
21295,Gevrey-Chambertin,Gevrey-Chambertin premier cru Craipillot,555,47.2266,4.967929
21295,Gevrey-Chambertin,Gevrey-Chambertin premier cru En Ergot,556,47.2266,4.967929
21295,Gevrey-Chambertin,Gevrey-Chambertin premier cru Estournelles-Saint-Jacques,557,47.2266,4.967929
21295,Gevrey-Chambertin,Gevrey-Chambertin premier cru Fonteny,558,47.2266,4.967929
21295,Gevrey-Chambertin,Gevrey-Chambertin premier cru Issarts,559,47.2266,4.967929
21295,Gevrey-Chambertin,Gevrey-Chambertin premier cru La Bossière,560,47.2266,4.967929
21295,Gevrey-Chambertin,Gevrey-Chambertin premier cru La Perrière,561,47.2266,4.967929
21295,Gevrey-Chambertin,Gevrey-Chambertin premier cru La Romanée,562,47.2266,4.967929
21295,Gevrey-Chambertin,Gevrey-Chambertin premier cru Lavaut Saint-Jacques,563,47.2266,4.967929
21295,Gevrey-Chambertin,Gevrey-Chambertin premier cru Les Cazetiers,564,47.2266,4.967929
21295,Gevrey-Chambertin,Gevrey-Chambertin premier cru Les Corbeaux,565,47.2266,4.967929
21295,Gevrey-Chambertin,Gevrey-Chambertin premier cru Les Goulots,566,47.2266,4.967929
21295,Gevrey-Chambertin,Gevrey-Chambertin premier cru Petite Chapelle,567,47.2266,4.967929
21295,Gevrey-Chambertin,Gevrey-Chambertin premier cru Petits Cazetiers,568,47.2266,4.967929
21295,Gevrey-Chambertin,Gevrey-Chambertin premier cru Poissenot,569,47.2266,4.967929
21267,Flagey-Echézeaux,Grands-Echezeaux,599,47.1663,4.981429
21714,Vosne-Romanée,Grands-Echezeaux,599,47.16,4.954429
21295,Gevrey-Chambertin,Griotte-Chambertin,600,47.2266,4.967929
21606,Ladoix-Serrigny,Ladoix,610,47.0664,4.886929
21606,Ladoix-Serrigny,Ladoix premier cru,618,47.0664,4.886929
21606,Ladoix-Serrigny,Ladoix premier cru Basses Mourottes,611,47.0664,4.886929
21606,Ladoix-Serrigny,Ladoix premier cru Bois Roussot,612,47.0664,4.886929
21606,Ladoix-Serrigny,Ladoix premier cru En Naget,1814,47.0664,4.886929
21606,Ladoix-Serrigny,Ladoix premier cru Hautes Mourottes,613,47.0664,4.886929
21606,Ladoix-Serrigny,Ladoix premier cru La Corvée,614,47.0664,4.886929
21606,Ladoix-Serrigny,Ladoix premier cru La Micaude,615,47.0664,4.886929
21606,Ladoix-Serrigny,Ladoix premier cru Le Clou d'Orge,616,47.0664,4.886929
21606,Ladoix-Serrigny,Ladoix premier cru Le Rognet et Corton,1813,47.0664,4.886929
21606,Ladoix-Serrigny,Ladoix premier cru Les Buis,1815,47.0664,4.886929
21606,Ladoix-Serrigny,Ladoix premier cru Les Grêchons et Foutrières,1816,47.0664,4.886929
21606,Ladoix-Serrigny,Ladoix premier cru Les Joyeuses,617,47.0664,4.886929
21295,Gevrey-Chambertin,Latricières-Chambertin,619,47.2266,4.967929
